"","X","k","density","inf_prob","rec_rate","duration","max_I","max_prevalence","percep","p","H","beta1","beta2","beta3","betas","pbyH","Hurst","proportion","lstructure"
"1",1,8,0.25,0.2,0.1,94,14818,0.897407945736434,"H",NA,NA,NA,NA,NA,NA,NA,NA,NA,NA
"2",2,8,0.25,0.2,0.1,109,14903,0.902555717054264,"H",NA,NA,NA,NA,NA,NA,NA,NA,NA,NA
"3",3,8,0.25,0.2,0.1,91,14901,0.902434593023256,"H",NA,NA,NA,NA,NA,NA,NA,NA,NA,NA
"4",4,8,0.25,0.2,0.1,96,14894,0.902010658914729,"H",NA,NA,NA,NA,NA,NA,NA,NA,NA,NA
"5",5,8,0.25,0.2,0.1,109,14829,0.898074127906977,"H",NA,NA,NA,NA,NA,NA,NA,NA,NA,NA
"6",6,8,0.25,0.2,0.1,91,14870,0.900557170542636,"H",NA,NA,NA,NA,NA,NA,NA,NA,NA,NA
"7",7,8,0.25,0.2,0.1,86,14848,0.89922480620155,"H",NA,NA,NA,NA,NA,NA,NA,NA,NA,NA
"8",8,8,0.25,0.2,0.1,95,14855,0.899648740310077,"H",NA,NA,NA,NA,NA,NA,NA,NA,NA,NA
"9",9,8,0.25,0.2,0.1,121,14885,0.901465600775194,"H",NA,NA,NA,NA,NA,NA,NA,NA,NA,NA
"10",10,8,0.25,0.2,0.1,98,14870,0.900557170542636,"H",NA,NA,NA,NA,NA,NA,NA,NA,NA,NA
"11",11,8,0.25,0.2,0.1,132,14821,0.897589631782946,"H",NA,NA,NA,NA,NA,NA,NA,NA,NA,NA
"12",12,8,0.25,0.2,0.1,83,14805,0.896620639534884,"H",NA,NA,NA,NA,NA,NA,NA,NA,NA,NA
"13",13,8,0.25,0.2,0.1,93,14815,0.897226259689923,"H",NA,NA,NA,NA,NA,NA,NA,NA,NA,NA
"14",14,8,0.25,0.2,0.1,94,14827,0.897953003875969,"H",NA,NA,NA,NA,NA,NA,NA,NA,NA,NA
"15",15,8,0.25,0.2,0.1,93,14903,0.902555717054264,"H",NA,NA,NA,NA,NA,NA,NA,NA,NA,NA
"16",16,8,0.25,0.2,0.1,94,14819,0.897468507751938,"H",NA,NA,NA,NA,NA,NA,NA,NA,NA,NA
"17",17,8,0.25,0.2,0.1,109,14870,0.900557170542636,"H",NA,NA,NA,NA,NA,NA,NA,NA,NA,NA
"18",18,8,0.25,0.2,0.1,116,14832,0.898255813953488,"H",NA,NA,NA,NA,NA,NA,NA,NA,NA,NA
"19",19,8,0.25,0.2,0.1,92,14850,0.899345930232558,"H",NA,NA,NA,NA,NA,NA,NA,NA,NA,NA
"20",20,8,0.25,0.2,0.1,90,14880,0.901162790697674,"H",NA,NA,NA,NA,NA,NA,NA,NA,NA,NA
"21",21,8,0.25,0.2,0.1,102,14889,0.901707848837209,"H",NA,NA,NA,NA,NA,NA,NA,NA,NA,NA
"22",22,8,0.25,0.2,0.1,85,14894,0.902010658914729,"H",NA,NA,NA,NA,NA,NA,NA,NA,NA,NA
"23",23,8,0.25,0.2,0.1,96,14833,0.898316375968992,"H",NA,NA,NA,NA,NA,NA,NA,NA,NA,NA
"24",24,8,0.25,0.2,0.1,97,14787,0.895530523255814,"H",NA,NA,NA,NA,NA,NA,NA,NA,NA,NA
"25",25,8,0.25,0.2,0.1,90,14890,0.901768410852713,"H",NA,NA,NA,NA,NA,NA,NA,NA,NA,NA
"26",26,8,0.25,0.2,0.1,88,14827,0.897953003875969,"H",NA,NA,NA,NA,NA,NA,NA,NA,NA,NA
"27",27,8,0.25,0.2,0.1,87,14788,0.895591085271318,"H",NA,NA,NA,NA,NA,NA,NA,NA,NA,NA
"28",28,8,0.25,0.2,0.1,96,14860,0.899951550387597,"H",NA,NA,NA,NA,NA,NA,NA,NA,NA,NA
"29",29,8,0.25,0.2,0.1,89,14895,0.902071220930233,"H",NA,NA,NA,NA,NA,NA,NA,NA,NA,NA
"30",30,8,0.25,0.2,0.1,103,14860,0.899951550387597,"H",NA,NA,NA,NA,NA,NA,NA,NA,NA,NA
"31",31,8,0.25,0.2,0.1,114,14912,0.903100775193798,"H",NA,NA,NA,NA,NA,NA,NA,NA,NA,NA
"32",32,8,0.25,0.2,0.1,99,14850,0.899345930232558,"H",NA,NA,NA,NA,NA,NA,NA,NA,NA,NA
"33",33,8,0.25,0.2,0.1,98,14793,0.895893895348837,"H",NA,NA,NA,NA,NA,NA,NA,NA,NA,NA
"34",34,8,0.25,0.2,0.1,106,14855,0.899648740310077,"H",NA,NA,NA,NA,NA,NA,NA,NA,NA,NA
"35",35,8,0.25,0.2,0.1,86,14846,0.899103682170543,"H",NA,NA,NA,NA,NA,NA,NA,NA,NA,NA
"36",36,8,0.25,0.2,0.1,101,14829,0.898074127906977,"H",NA,NA,NA,NA,NA,NA,NA,NA,NA,NA
"37",37,8,0.25,0.2,0.1,118,14940,0.904796511627907,"H",NA,NA,NA,NA,NA,NA,NA,NA,NA,NA
"38",38,8,0.25,0.2,0.1,123,14885,0.901465600775194,"H",NA,NA,NA,NA,NA,NA,NA,NA,NA,NA
"39",39,8,0.25,0.2,0.1,93,14859,0.899890988372093,"H",NA,NA,NA,NA,NA,NA,NA,NA,NA,NA
"40",40,8,0.25,0.2,0.1,112,14861,0.900012112403101,"H",NA,NA,NA,NA,NA,NA,NA,NA,NA,NA
"41",41,8,0.25,0.2,0.1,101,14865,0.900254360465116,"H",NA,NA,NA,NA,NA,NA,NA,NA,NA,NA
"42",42,8,0.25,0.2,0.1,116,14851,0.899406492248062,"H",NA,NA,NA,NA,NA,NA,NA,NA,NA,NA
"43",43,8,0.25,0.2,0.1,95,14863,0.900133236434108,"H",NA,NA,NA,NA,NA,NA,NA,NA,NA,NA
"44",44,8,0.25,0.2,0.1,97,14865,0.900254360465116,"H",NA,NA,NA,NA,NA,NA,NA,NA,NA,NA
"45",45,8,0.25,0.2,0.1,94,14820,0.897529069767442,"H",NA,NA,NA,NA,NA,NA,NA,NA,NA,NA
"46",46,8,0.25,0.2,0.1,117,14920,0.90358527131783,"H",NA,NA,NA,NA,NA,NA,NA,NA,NA,NA
"47",47,8,0.25,0.2,0.1,89,14904,0.902616279069767,"H",NA,NA,NA,NA,NA,NA,NA,NA,NA,NA
"48",48,8,0.25,0.2,0.1,104,14925,0.903888081395349,"H",NA,NA,NA,NA,NA,NA,NA,NA,NA,NA
"49",49,8,0.25,0.2,0.1,98,14802,0.896438953488372,"H",NA,NA,NA,NA,NA,NA,NA,NA,NA,NA
"50",50,8,0.25,0.2,0.1,95,14851,0.899406492248062,"H",NA,NA,NA,NA,NA,NA,NA,NA,NA,NA
"51",51,8,0.25,0.2,0.1,112,14893,0.901950096899225,"H",NA,NA,NA,NA,NA,NA,NA,NA,NA,NA
"52",52,8,0.25,0.2,0.1,90,14896,0.902131782945736,"H",NA,NA,NA,NA,NA,NA,NA,NA,NA,NA
"53",53,8,0.25,0.2,0.1,92,14852,0.899467054263566,"H",NA,NA,NA,NA,NA,NA,NA,NA,NA,NA
"54",54,8,0.25,0.2,0.1,83,14844,0.898982558139535,"H",NA,NA,NA,NA,NA,NA,NA,NA,NA,NA
"55",55,8,0.25,0.2,0.1,91,14912,0.903100775193798,"H",NA,NA,NA,NA,NA,NA,NA,NA,NA,NA
"56",56,8,0.25,0.2,0.1,98,14827,0.897953003875969,"H",NA,NA,NA,NA,NA,NA,NA,NA,NA,NA
"57",57,8,0.25,0.2,0.1,89,14854,0.899588178294574,"H",NA,NA,NA,NA,NA,NA,NA,NA,NA,NA
"58",58,8,0.25,0.2,0.1,104,14883,0.901344476744186,"H",NA,NA,NA,NA,NA,NA,NA,NA,NA,NA
"59",59,8,0.25,0.2,0.1,111,14799,0.896257267441861,"H",NA,NA,NA,NA,NA,NA,NA,NA,NA,NA
"60",60,8,0.25,0.2,0.1,95,14855,0.899648740310077,"H",NA,NA,NA,NA,NA,NA,NA,NA,NA,NA
"61",61,8,0.25,0.2,0.1,107,14873,0.900738856589147,"H",NA,NA,NA,NA,NA,NA,NA,NA,NA,NA
"62",62,8,0.25,0.2,0.1,83,14856,0.899709302325581,"H",NA,NA,NA,NA,NA,NA,NA,NA,NA,NA
"63",63,8,0.25,0.2,0.1,102,14885,0.901465600775194,"H",NA,NA,NA,NA,NA,NA,NA,NA,NA,NA
"64",64,8,0.25,0.2,0.1,86,14819,0.897468507751938,"H",NA,NA,NA,NA,NA,NA,NA,NA,NA,NA
"65",65,8,0.25,0.2,0.1,106,14830,0.898134689922481,"H",NA,NA,NA,NA,NA,NA,NA,NA,NA,NA
"66",66,8,0.25,0.2,0.1,85,14876,0.900920542635659,"H",NA,NA,NA,NA,NA,NA,NA,NA,NA,NA
"67",67,8,0.25,0.2,0.1,91,14796,0.896075581395349,"H",NA,NA,NA,NA,NA,NA,NA,NA,NA,NA
"68",68,8,0.25,0.2,0.1,89,14893,0.901950096899225,"H",NA,NA,NA,NA,NA,NA,NA,NA,NA,NA
"69",69,8,0.25,0.2,0.1,102,14863,0.900133236434108,"H",NA,NA,NA,NA,NA,NA,NA,NA,NA,NA
"70",70,8,0.25,0.2,0.1,88,14877,0.900981104651163,"H",NA,NA,NA,NA,NA,NA,NA,NA,NA,NA
"71",71,8,0.25,0.2,0.1,96,14815,0.897226259689923,"H",NA,NA,NA,NA,NA,NA,NA,NA,NA,NA
"72",72,8,0.25,0.2,0.1,98,14862,0.900072674418605,"H",NA,NA,NA,NA,NA,NA,NA,NA,NA,NA
"73",73,8,0.25,0.2,0.1,98,14887,0.901586724806202,"H",NA,NA,NA,NA,NA,NA,NA,NA,NA,NA
"74",74,8,0.25,0.2,0.1,88,14880,0.901162790697674,"H",NA,NA,NA,NA,NA,NA,NA,NA,NA,NA
"75",75,8,0.25,0.2,0.1,87,14861,0.900012112403101,"H",NA,NA,NA,NA,NA,NA,NA,NA,NA,NA
"76",76,8,0.25,0.2,0.1,96,14842,0.898861434108527,"H",NA,NA,NA,NA,NA,NA,NA,NA,NA,NA
"77",77,8,0.25,0.2,0.1,108,14880,0.901162790697674,"H",NA,NA,NA,NA,NA,NA,NA,NA,NA,NA
"78",78,8,0.25,0.2,0.1,95,14861,0.900012112403101,"H",NA,NA,NA,NA,NA,NA,NA,NA,NA,NA
"79",79,8,0.25,0.2,0.1,103,14881,0.901223352713178,"H",NA,NA,NA,NA,NA,NA,NA,NA,NA,NA
"80",80,8,0.25,0.2,0.1,113,14884,0.90140503875969,"H",NA,NA,NA,NA,NA,NA,NA,NA,NA,NA
"81",81,8,0.25,0.2,0.1,83,14855,0.899648740310077,"H",NA,NA,NA,NA,NA,NA,NA,NA,NA,NA
"82",82,8,0.25,0.2,0.1,94,14915,0.90328246124031,"H",NA,NA,NA,NA,NA,NA,NA,NA,NA,NA
"83",83,8,0.25,0.2,0.1,96,14934,0.904433139534884,"H",NA,NA,NA,NA,NA,NA,NA,NA,NA,NA
"84",84,8,0.25,0.2,0.1,91,14864,0.900193798449612,"H",NA,NA,NA,NA,NA,NA,NA,NA,NA,NA
"85",85,8,0.25,0.2,0.1,103,14879,0.90110222868217,"H",NA,NA,NA,NA,NA,NA,NA,NA,NA,NA
"86",86,8,0.25,0.2,0.1,88,14850,0.899345930232558,"H",NA,NA,NA,NA,NA,NA,NA,NA,NA,NA
"87",87,8,0.25,0.2,0.1,112,14865,0.900254360465116,"H",NA,NA,NA,NA,NA,NA,NA,NA,NA,NA
"88",88,8,0.25,0.2,0.1,98,14867,0.900375484496124,"H",NA,NA,NA,NA,NA,NA,NA,NA,NA,NA
"89",89,8,0.25,0.2,0.1,109,14865,0.900254360465116,"H",NA,NA,NA,NA,NA,NA,NA,NA,NA,NA
"90",90,8,0.25,0.2,0.1,97,14790,0.895712209302326,"H",NA,NA,NA,NA,NA,NA,NA,NA,NA,NA
"91",91,8,0.25,0.2,0.1,136,14825,0.897831879844961,"H",NA,NA,NA,NA,NA,NA,NA,NA,NA,NA
"92",92,8,0.25,0.2,0.1,96,14826,0.897892441860465,"H",NA,NA,NA,NA,NA,NA,NA,NA,NA,NA
"93",93,8,0.25,0.2,0.1,98,14828,0.898013565891473,"H",NA,NA,NA,NA,NA,NA,NA,NA,NA,NA
"94",94,8,0.25,0.2,0.1,101,14918,0.903464147286822,"H",NA,NA,NA,NA,NA,NA,NA,NA,NA,NA
"95",95,8,0.25,0.2,0.1,93,14931,0.904251453488372,"H",NA,NA,NA,NA,NA,NA,NA,NA,NA,NA
"96",96,8,0.25,0.2,0.1,103,14872,0.900678294573643,"H",NA,NA,NA,NA,NA,NA,NA,NA,NA,NA
"97",97,8,0.25,0.2,0.1,109,14886,0.901526162790698,"H",NA,NA,NA,NA,NA,NA,NA,NA,NA,NA
"98",98,8,0.25,0.2,0.1,89,14884,0.90140503875969,"H",NA,NA,NA,NA,NA,NA,NA,NA,NA,NA
"99",99,8,0.25,0.2,0.1,97,14883,0.901344476744186,"H",NA,NA,NA,NA,NA,NA,NA,NA,NA,NA
"100",100,8,0.25,0.2,0.1,115,14845,0.899043120155039,"H",NA,NA,NA,NA,NA,NA,NA,NA,NA,NA
"101",1,8,0.25,0.2,0.2,50,13206,0.799781976744186,"H",NA,NA,NA,NA,NA,NA,NA,NA,NA,NA
"102",2,8,0.25,0.2,0.2,44,13258,0.802931201550388,"H",NA,NA,NA,NA,NA,NA,NA,NA,NA,NA
"103",3,8,0.25,0.2,0.2,52,13218,0.800508720930233,"H",NA,NA,NA,NA,NA,NA,NA,NA,NA,NA
"104",4,8,0.25,0.2,0.2,44,13194,0.799055232558139,"H",NA,NA,NA,NA,NA,NA,NA,NA,NA,NA
"105",5,8,0.25,0.2,0.2,54,13191,0.798873546511628,"H",NA,NA,NA,NA,NA,NA,NA,NA,NA,NA
"106",6,8,0.25,0.2,0.2,42,13228,0.801114341085271,"H",NA,NA,NA,NA,NA,NA,NA,NA,NA,NA
"107",7,8,0.25,0.2,0.2,42,13151,0.796451065891473,"H",NA,NA,NA,NA,NA,NA,NA,NA,NA,NA
"108",8,8,0.25,0.2,0.2,42,13216,0.800387596899225,"H",NA,NA,NA,NA,NA,NA,NA,NA,NA,NA
"109",9,8,0.25,0.2,0.2,43,13234,0.801477713178295,"H",NA,NA,NA,NA,NA,NA,NA,NA,NA,NA
"110",10,8,0.25,0.2,0.2,45,13214,0.800266472868217,"H",NA,NA,NA,NA,NA,NA,NA,NA,NA,NA
"111",11,8,0.25,0.2,0.2,58,13196,0.799176356589147,"H",NA,NA,NA,NA,NA,NA,NA,NA,NA,NA
"112",12,8,0.25,0.2,0.2,39,13265,0.803355135658915,"H",NA,NA,NA,NA,NA,NA,NA,NA,NA,NA
"113",13,8,0.25,0.2,0.2,60,13263,0.803234011627907,"H",NA,NA,NA,NA,NA,NA,NA,NA,NA,NA
"114",14,8,0.25,0.2,0.2,43,13209,0.799963662790698,"H",NA,NA,NA,NA,NA,NA,NA,NA,NA,NA
"115",15,8,0.25,0.2,0.2,44,13181,0.798267926356589,"H",NA,NA,NA,NA,NA,NA,NA,NA,NA,NA
"116",16,8,0.25,0.2,0.2,48,13235,0.801538275193798,"H",NA,NA,NA,NA,NA,NA,NA,NA,NA,NA
"117",17,8,0.25,0.2,0.2,49,13254,0.802688953488372,"H",NA,NA,NA,NA,NA,NA,NA,NA,NA,NA
"118",18,8,0.25,0.2,0.2,42,13200,0.799418604651163,"H",NA,NA,NA,NA,NA,NA,NA,NA,NA,NA
"119",19,8,0.25,0.2,0.2,48,13198,0.799297480620155,"H",NA,NA,NA,NA,NA,NA,NA,NA,NA,NA
"120",20,8,0.25,0.2,0.2,40,13259,0.802991763565892,"H",NA,NA,NA,NA,NA,NA,NA,NA,NA,NA
"121",21,8,0.25,0.2,0.2,50,13132,0.795300387596899,"H",NA,NA,NA,NA,NA,NA,NA,NA,NA,NA
"122",22,8,0.25,0.2,0.2,61,13238,0.80171996124031,"H",NA,NA,NA,NA,NA,NA,NA,NA,NA,NA
"123",23,8,0.25,0.2,0.2,46,13219,0.800569282945736,"H",NA,NA,NA,NA,NA,NA,NA,NA,NA,NA
"124",24,8,0.25,0.2,0.2,55,13221,0.800690406976744,"H",NA,NA,NA,NA,NA,NA,NA,NA,NA,NA
"125",25,8,0.25,0.2,0.2,46,13270,0.803657945736434,"H",NA,NA,NA,NA,NA,NA,NA,NA,NA,NA
"126",26,8,0.25,0.2,0.2,48,13183,0.798389050387597,"H",NA,NA,NA,NA,NA,NA,NA,NA,NA,NA
"127",27,8,0.25,0.2,0.2,55,13226,0.800993217054264,"H",NA,NA,NA,NA,NA,NA,NA,NA,NA,NA
"128",28,8,0.25,0.2,0.2,45,13213,0.800205910852713,"H",NA,NA,NA,NA,NA,NA,NA,NA,NA,NA
"129",29,8,0.25,0.2,0.2,51,13252,0.802567829457364,"H",NA,NA,NA,NA,NA,NA,NA,NA,NA,NA
"130",30,8,0.25,0.2,0.2,44,13100,0.793362403100775,"H",NA,NA,NA,NA,NA,NA,NA,NA,NA,NA
"131",31,8,0.25,0.2,0.2,36,13251,0.802507267441861,"H",NA,NA,NA,NA,NA,NA,NA,NA,NA,NA
"132",32,8,0.25,0.2,0.2,45,13207,0.79984253875969,"H",NA,NA,NA,NA,NA,NA,NA,NA,NA,NA
"133",33,8,0.25,0.2,0.2,43,13261,0.803112887596899,"H",NA,NA,NA,NA,NA,NA,NA,NA,NA,NA
"134",34,8,0.25,0.2,0.2,45,13247,0.802265019379845,"H",NA,NA,NA,NA,NA,NA,NA,NA,NA,NA
"135",35,8,0.25,0.2,0.2,48,13258,0.802931201550388,"H",NA,NA,NA,NA,NA,NA,NA,NA,NA,NA
"136",36,8,0.25,0.2,0.2,45,13195,0.799115794573643,"H",NA,NA,NA,NA,NA,NA,NA,NA,NA,NA
"137",37,8,0.25,0.2,0.2,43,13194,0.799055232558139,"H",NA,NA,NA,NA,NA,NA,NA,NA,NA,NA
"138",38,8,0.25,0.2,0.2,52,13195,0.799115794573643,"H",NA,NA,NA,NA,NA,NA,NA,NA,NA,NA
"139",39,8,0.25,0.2,0.2,46,13152,0.796511627906977,"H",NA,NA,NA,NA,NA,NA,NA,NA,NA,NA
"140",40,8,0.25,0.2,0.2,40,13240,0.801841085271318,"H",NA,NA,NA,NA,NA,NA,NA,NA,NA,NA
"141",41,8,0.25,0.2,0.2,47,13133,0.795360949612403,"H",NA,NA,NA,NA,NA,NA,NA,NA,NA,NA
"142",42,8,0.25,0.2,0.2,42,13085,0.792453972868217,"H",NA,NA,NA,NA,NA,NA,NA,NA,NA,NA
"143",43,8,0.25,0.2,0.2,45,13273,0.803839631782946,"H",NA,NA,NA,NA,NA,NA,NA,NA,NA,NA
"144",44,8,0.25,0.2,0.2,44,13213,0.800205910852713,"H",NA,NA,NA,NA,NA,NA,NA,NA,NA,NA
"145",45,8,0.25,0.2,0.2,46,13227,0.801053779069767,"H",NA,NA,NA,NA,NA,NA,NA,NA,NA,NA
"146",46,8,0.25,0.2,0.2,42,13198,0.799297480620155,"H",NA,NA,NA,NA,NA,NA,NA,NA,NA,NA
"147",47,8,0.25,0.2,0.2,53,13128,0.795058139534884,"H",NA,NA,NA,NA,NA,NA,NA,NA,NA,NA
"148",48,8,0.25,0.2,0.2,39,13235,0.801538275193798,"H",NA,NA,NA,NA,NA,NA,NA,NA,NA,NA
"149",49,8,0.25,0.2,0.2,45,13234,0.801477713178295,"H",NA,NA,NA,NA,NA,NA,NA,NA,NA,NA
"150",50,8,0.25,0.2,0.2,41,13154,0.796632751937985,"H",NA,NA,NA,NA,NA,NA,NA,NA,NA,NA
"151",51,8,0.25,0.2,0.2,41,13220,0.80062984496124,"H",NA,NA,NA,NA,NA,NA,NA,NA,NA,NA
"152",52,8,0.25,0.2,0.2,42,13215,0.800327034883721,"H",NA,NA,NA,NA,NA,NA,NA,NA,NA,NA
"153",53,8,0.25,0.2,0.2,39,13232,0.801356589147287,"H",NA,NA,NA,NA,NA,NA,NA,NA,NA,NA
"154",54,8,0.25,0.2,0.2,46,13153,0.796572189922481,"H",NA,NA,NA,NA,NA,NA,NA,NA,NA,NA
"155",55,8,0.25,0.2,0.2,50,13164,0.797238372093023,"H",NA,NA,NA,NA,NA,NA,NA,NA,NA,NA
"156",56,8,0.25,0.2,0.2,42,13158,0.796875,"H",NA,NA,NA,NA,NA,NA,NA,NA,NA,NA
"157",57,8,0.25,0.2,0.2,44,13241,0.801901647286822,"H",NA,NA,NA,NA,NA,NA,NA,NA,NA,NA
"158",58,8,0.25,0.2,0.2,41,13290,0.804869186046512,"H",NA,NA,NA,NA,NA,NA,NA,NA,NA,NA
"159",59,8,0.25,0.2,0.2,40,13175,0.797904554263566,"H",NA,NA,NA,NA,NA,NA,NA,NA,NA,NA
"160",60,8,0.25,0.2,0.2,62,13131,0.795239825581395,"H",NA,NA,NA,NA,NA,NA,NA,NA,NA,NA
"161",61,8,0.25,0.2,0.2,48,13162,0.797117248062015,"H",NA,NA,NA,NA,NA,NA,NA,NA,NA,NA
"162",62,8,0.25,0.2,0.2,42,13274,0.80390019379845,"H",NA,NA,NA,NA,NA,NA,NA,NA,NA,NA
"163",63,8,0.25,0.2,0.2,47,13239,0.801780523255814,"H",NA,NA,NA,NA,NA,NA,NA,NA,NA,NA
"164",64,8,0.25,0.2,0.2,45,13304,0.805717054263566,"H",NA,NA,NA,NA,NA,NA,NA,NA,NA,NA
"165",65,8,0.25,0.2,0.2,50,13135,0.795482073643411,"H",NA,NA,NA,NA,NA,NA,NA,NA,NA,NA
"166",66,8,0.25,0.2,0.2,44,13014,0.788154069767442,"H",NA,NA,NA,NA,NA,NA,NA,NA,NA,NA
"167",67,8,0.25,0.2,0.2,54,13233,0.801417151162791,"H",NA,NA,NA,NA,NA,NA,NA,NA,NA,NA
"168",68,8,0.25,0.2,0.2,40,13164,0.797238372093023,"H",NA,NA,NA,NA,NA,NA,NA,NA,NA,NA
"169",69,8,0.25,0.2,0.2,51,13124,0.794815891472868,"H",NA,NA,NA,NA,NA,NA,NA,NA,NA,NA
"170",70,8,0.25,0.2,0.2,52,13244,0.802083333333333,"H",NA,NA,NA,NA,NA,NA,NA,NA,NA,NA
"171",71,8,0.25,0.2,0.2,41,13223,0.800811531007752,"H",NA,NA,NA,NA,NA,NA,NA,NA,NA,NA
"172",72,8,0.25,0.2,0.2,40,13209,0.799963662790698,"H",NA,NA,NA,NA,NA,NA,NA,NA,NA,NA
"173",73,8,0.25,0.2,0.2,64,13167,0.797420058139535,"H",NA,NA,NA,NA,NA,NA,NA,NA,NA,NA
"174",74,8,0.25,0.2,0.2,40,13258,0.802931201550388,"H",NA,NA,NA,NA,NA,NA,NA,NA,NA,NA
"175",75,8,0.25,0.2,0.2,49,13278,0.804142441860465,"H",NA,NA,NA,NA,NA,NA,NA,NA,NA,NA
"176",76,8,0.25,0.2,0.2,43,13198,0.799297480620155,"H",NA,NA,NA,NA,NA,NA,NA,NA,NA,NA
"177",77,8,0.25,0.2,0.2,39,13214,0.800266472868217,"H",NA,NA,NA,NA,NA,NA,NA,NA,NA,NA
"178",78,8,0.25,0.2,0.2,44,13146,0.796148255813954,"H",NA,NA,NA,NA,NA,NA,NA,NA,NA,NA
"179",79,8,0.25,0.2,0.2,45,13237,0.801659399224806,"H",NA,NA,NA,NA,NA,NA,NA,NA,NA,NA
"180",80,8,0.25,0.2,0.2,53,13149,0.796329941860465,"H",NA,NA,NA,NA,NA,NA,NA,NA,NA,NA
"181",81,8,0.25,0.2,0.2,48,13298,0.805353682170543,"H",NA,NA,NA,NA,NA,NA,NA,NA,NA,NA
"182",82,8,0.25,0.2,0.2,47,13152,0.796511627906977,"H",NA,NA,NA,NA,NA,NA,NA,NA,NA,NA
"183",83,8,0.25,0.2,0.2,48,13195,0.799115794573643,"H",NA,NA,NA,NA,NA,NA,NA,NA,NA,NA
"184",84,8,0.25,0.2,0.2,45,13208,0.799903100775194,"H",NA,NA,NA,NA,NA,NA,NA,NA,NA,NA
"185",85,8,0.25,0.2,0.2,42,13203,0.799600290697674,"H",NA,NA,NA,NA,NA,NA,NA,NA,NA,NA
"186",86,8,0.25,0.2,0.2,41,13214,0.800266472868217,"H",NA,NA,NA,NA,NA,NA,NA,NA,NA,NA
"187",87,8,0.25,0.2,0.2,44,13208,0.799903100775194,"H",NA,NA,NA,NA,NA,NA,NA,NA,NA,NA
"188",88,8,0.25,0.2,0.2,39,13284,0.804505813953488,"H",NA,NA,NA,NA,NA,NA,NA,NA,NA,NA
"189",89,8,0.25,0.2,0.2,48,13155,0.796693313953488,"H",NA,NA,NA,NA,NA,NA,NA,NA,NA,NA
"190",90,8,0.25,0.2,0.2,54,13259,0.802991763565892,"H",NA,NA,NA,NA,NA,NA,NA,NA,NA,NA
"191",91,8,0.25,0.2,0.2,48,13286,0.804626937984496,"H",NA,NA,NA,NA,NA,NA,NA,NA,NA,NA
"192",92,8,0.25,0.2,0.2,40,13208,0.799903100775194,"H",NA,NA,NA,NA,NA,NA,NA,NA,NA,NA
"193",93,8,0.25,0.2,0.2,43,13192,0.798934108527132,"H",NA,NA,NA,NA,NA,NA,NA,NA,NA,NA
"194",94,8,0.25,0.2,0.2,43,13211,0.800084786821705,"H",NA,NA,NA,NA,NA,NA,NA,NA,NA,NA
"195",95,8,0.25,0.2,0.2,48,13094,0.792999031007752,"H",NA,NA,NA,NA,NA,NA,NA,NA,NA,NA
"196",96,8,0.25,0.2,0.2,48,13227,0.801053779069767,"H",NA,NA,NA,NA,NA,NA,NA,NA,NA,NA
"197",97,8,0.25,0.2,0.2,44,13132,0.795300387596899,"H",NA,NA,NA,NA,NA,NA,NA,NA,NA,NA
"198",98,8,0.25,0.2,0.2,41,13193,0.798994670542636,"H",NA,NA,NA,NA,NA,NA,NA,NA,NA,NA
"199",99,8,0.25,0.2,0.2,50,13314,0.806322674418605,"H",NA,NA,NA,NA,NA,NA,NA,NA,NA,NA
"200",100,8,0.25,0.2,0.2,54,13155,0.796693313953488,"H",NA,NA,NA,NA,NA,NA,NA,NA,NA,NA
"201",1,8,0.25,0.2,0.4,20,9939,0.601925872093023,"H",NA,NA,NA,NA,NA,NA,NA,NA,NA,NA
"202",2,8,0.25,0.2,0.4,19,9888,0.598837209302326,"H",NA,NA,NA,NA,NA,NA,NA,NA,NA,NA
"203",3,8,0.25,0.2,0.4,21,9871,0.59780765503876,"H",NA,NA,NA,NA,NA,NA,NA,NA,NA,NA
"204",4,8,0.25,0.2,0.4,24,9973,0.603984980620155,"H",NA,NA,NA,NA,NA,NA,NA,NA,NA,NA
"205",5,8,0.25,0.2,0.4,18,9888,0.598837209302326,"H",NA,NA,NA,NA,NA,NA,NA,NA,NA,NA
"206",6,8,0.25,0.2,0.4,20,9862,0.597262596899225,"H",NA,NA,NA,NA,NA,NA,NA,NA,NA,NA
"207",7,8,0.25,0.2,0.4,20,9877,0.598171027131783,"H",NA,NA,NA,NA,NA,NA,NA,NA,NA,NA
"208",8,8,0.25,0.2,0.4,22,9938,0.601865310077519,"H",NA,NA,NA,NA,NA,NA,NA,NA,NA,NA
"209",9,8,0.25,0.2,0.4,21,9852,0.596656976744186,"H",NA,NA,NA,NA,NA,NA,NA,NA,NA,NA
"210",10,8,0.25,0.2,0.4,23,9806,0.593871124031008,"H",NA,NA,NA,NA,NA,NA,NA,NA,NA,NA
"211",11,8,0.25,0.2,0.4,25,9963,0.603379360465116,"H",NA,NA,NA,NA,NA,NA,NA,NA,NA,NA
"212",12,8,0.25,0.2,0.4,23,9958,0.603076550387597,"H",NA,NA,NA,NA,NA,NA,NA,NA,NA,NA
"213",13,8,0.25,0.2,0.4,23,9919,0.600714631782946,"H",NA,NA,NA,NA,NA,NA,NA,NA,NA,NA
"214",14,8,0.25,0.2,0.4,24,9877,0.598171027131783,"H",NA,NA,NA,NA,NA,NA,NA,NA,NA,NA
"215",15,8,0.25,0.2,0.4,19,9969,0.603742732558139,"H",NA,NA,NA,NA,NA,NA,NA,NA,NA,NA
"216",16,8,0.25,0.2,0.4,18,9996,0.605377906976744,"H",NA,NA,NA,NA,NA,NA,NA,NA,NA,NA
"217",17,8,0.25,0.2,0.4,18,10028,0.607315891472868,"H",NA,NA,NA,NA,NA,NA,NA,NA,NA,NA
"218",18,8,0.25,0.2,0.4,20,9943,0.602168120155039,"H",NA,NA,NA,NA,NA,NA,NA,NA,NA,NA
"219",19,8,0.25,0.2,0.4,19,9899,0.599503391472868,"H",NA,NA,NA,NA,NA,NA,NA,NA,NA,NA
"220",20,8,0.25,0.2,0.4,19,9819,0.594658430232558,"H",NA,NA,NA,NA,NA,NA,NA,NA,NA,NA
"221",21,8,0.25,0.2,0.4,19,9974,0.604045542635659,"H",NA,NA,NA,NA,NA,NA,NA,NA,NA,NA
"222",22,8,0.25,0.2,0.4,22,9896,0.599321705426357,"H",NA,NA,NA,NA,NA,NA,NA,NA,NA,NA
"223",23,8,0.25,0.2,0.4,21,10044,0.60828488372093,"H",NA,NA,NA,NA,NA,NA,NA,NA,NA,NA
"224",24,8,0.25,0.2,0.4,20,9935,0.601683624031008,"H",NA,NA,NA,NA,NA,NA,NA,NA,NA,NA
"225",25,8,0.25,0.2,0.4,22,9965,0.603500484496124,"H",NA,NA,NA,NA,NA,NA,NA,NA,NA,NA
"226",26,8,0.25,0.2,0.4,21,9885,0.598655523255814,"H",NA,NA,NA,NA,NA,NA,NA,NA,NA,NA
"227",27,8,0.25,0.2,0.4,24,9943,0.602168120155039,"H",NA,NA,NA,NA,NA,NA,NA,NA,NA,NA
"228",28,8,0.25,0.2,0.4,24,9955,0.602894864341085,"H",NA,NA,NA,NA,NA,NA,NA,NA,NA,NA
"229",29,8,0.25,0.2,0.4,25,9937,0.601804748062015,"H",NA,NA,NA,NA,NA,NA,NA,NA,NA,NA
"230",30,8,0.25,0.2,0.4,17,9884,0.59859496124031,"H",NA,NA,NA,NA,NA,NA,NA,NA,NA,NA
"231",31,8,0.25,0.2,0.4,21,9938,0.601865310077519,"H",NA,NA,NA,NA,NA,NA,NA,NA,NA,NA
"232",32,8,0.25,0.2,0.4,19,10033,0.607618701550388,"H",NA,NA,NA,NA,NA,NA,NA,NA,NA,NA
"233",33,8,0.25,0.2,0.4,19,9834,0.595566860465116,"H",NA,NA,NA,NA,NA,NA,NA,NA,NA,NA
"234",34,8,0.25,0.2,0.4,17,9856,0.596899224806202,"H",NA,NA,NA,NA,NA,NA,NA,NA,NA,NA
"235",35,8,0.25,0.2,0.4,27,10050,0.608648255813954,"H",NA,NA,NA,NA,NA,NA,NA,NA,NA,NA
"236",36,8,0.25,0.2,0.4,19,9993,0.605196220930233,"H",NA,NA,NA,NA,NA,NA,NA,NA,NA,NA
"237",37,8,0.25,0.2,0.4,22,9883,0.598534399224806,"H",NA,NA,NA,NA,NA,NA,NA,NA,NA,NA
"238",38,8,0.25,0.2,0.4,23,9848,0.59641472868217,"H",NA,NA,NA,NA,NA,NA,NA,NA,NA,NA
"239",39,8,0.25,0.2,0.4,18,9955,0.602894864341085,"H",NA,NA,NA,NA,NA,NA,NA,NA,NA,NA
"240",40,8,0.25,0.2,0.4,20,9929,0.601320251937985,"H",NA,NA,NA,NA,NA,NA,NA,NA,NA,NA
"241",41,8,0.25,0.2,0.4,19,9948,0.602470930232558,"H",NA,NA,NA,NA,NA,NA,NA,NA,NA,NA
"242",42,8,0.25,0.2,0.4,22,9914,0.600411821705426,"H",NA,NA,NA,NA,NA,NA,NA,NA,NA,NA
"243",43,8,0.25,0.2,0.4,18,9833,0.595506298449612,"H",NA,NA,NA,NA,NA,NA,NA,NA,NA,NA
"244",44,8,0.25,0.2,0.4,23,9919,0.600714631782946,"H",NA,NA,NA,NA,NA,NA,NA,NA,NA,NA
"245",45,8,0.25,0.2,0.4,20,9970,0.603803294573643,"H",NA,NA,NA,NA,NA,NA,NA,NA,NA,NA
"246",46,8,0.25,0.2,0.4,20,9975,0.604106104651163,"H",NA,NA,NA,NA,NA,NA,NA,NA,NA,NA
"247",47,8,0.25,0.2,0.4,24,9873,0.597928779069767,"H",NA,NA,NA,NA,NA,NA,NA,NA,NA,NA
"248",48,8,0.25,0.2,0.4,18,9928,0.601259689922481,"H",NA,NA,NA,NA,NA,NA,NA,NA,NA,NA
"249",49,8,0.25,0.2,0.4,25,9928,0.601259689922481,"H",NA,NA,NA,NA,NA,NA,NA,NA,NA,NA
"250",50,8,0.25,0.2,0.4,23,9896,0.599321705426357,"H",NA,NA,NA,NA,NA,NA,NA,NA,NA,NA
"251",51,8,0.25,0.2,0.4,20,9956,0.602955426356589,"H",NA,NA,NA,NA,NA,NA,NA,NA,NA,NA
"252",52,8,0.25,0.2,0.4,18,9968,0.603682170542636,"H",NA,NA,NA,NA,NA,NA,NA,NA,NA,NA
"253",53,8,0.25,0.2,0.4,19,9978,0.604287790697674,"H",NA,NA,NA,NA,NA,NA,NA,NA,NA,NA
"254",54,8,0.25,0.2,0.4,19,9699,0.587390988372093,"H",NA,NA,NA,NA,NA,NA,NA,NA,NA,NA
"255",55,8,0.25,0.2,0.4,20,9868,0.597625968992248,"H",NA,NA,NA,NA,NA,NA,NA,NA,NA,NA
"256",56,8,0.25,0.2,0.4,18,9932,0.601501937984496,"H",NA,NA,NA,NA,NA,NA,NA,NA,NA,NA
"257",57,8,0.25,0.2,0.4,18,9892,0.599079457364341,"H",NA,NA,NA,NA,NA,NA,NA,NA,NA,NA
"258",58,8,0.25,0.2,0.4,19,9924,0.601017441860465,"H",NA,NA,NA,NA,NA,NA,NA,NA,NA,NA
"259",59,8,0.25,0.2,0.4,20,9951,0.60265261627907,"H",NA,NA,NA,NA,NA,NA,NA,NA,NA,NA
"260",60,8,0.25,0.2,0.4,19,9927,0.601199127906977,"H",NA,NA,NA,NA,NA,NA,NA,NA,NA,NA
"261",61,8,0.25,0.2,0.4,30,9817,0.59453730620155,"H",NA,NA,NA,NA,NA,NA,NA,NA,NA,NA
"262",62,8,0.25,0.2,0.4,17,9906,0.599927325581395,"H",NA,NA,NA,NA,NA,NA,NA,NA,NA,NA
"263",63,8,0.25,0.2,0.4,22,9874,0.597989341085271,"H",NA,NA,NA,NA,NA,NA,NA,NA,NA,NA
"264",64,8,0.25,0.2,0.4,20,9957,0.603015988372093,"H",NA,NA,NA,NA,NA,NA,NA,NA,NA,NA
"265",65,8,0.25,0.2,0.4,17,9969,0.603742732558139,"H",NA,NA,NA,NA,NA,NA,NA,NA,NA,NA
"266",66,8,0.25,0.2,0.4,19,9941,0.602046996124031,"H",NA,NA,NA,NA,NA,NA,NA,NA,NA,NA
"267",67,8,0.25,0.2,0.4,17,9908,0.600048449612403,"H",NA,NA,NA,NA,NA,NA,NA,NA,NA,NA
"268",68,8,0.25,0.2,0.4,19,9856,0.596899224806202,"H",NA,NA,NA,NA,NA,NA,NA,NA,NA,NA
"269",69,8,0.25,0.2,0.4,38,10033,0.607618701550388,"H",NA,NA,NA,NA,NA,NA,NA,NA,NA,NA
"270",70,8,0.25,0.2,0.4,21,9885,0.598655523255814,"H",NA,NA,NA,NA,NA,NA,NA,NA,NA,NA
"271",71,8,0.25,0.2,0.4,23,9915,0.60047238372093,"H",NA,NA,NA,NA,NA,NA,NA,NA,NA,NA
"272",72,8,0.25,0.2,0.4,20,9804,0.59375,"H",NA,NA,NA,NA,NA,NA,NA,NA,NA,NA
"273",73,8,0.25,0.2,0.4,20,9971,0.603863856589147,"H",NA,NA,NA,NA,NA,NA,NA,NA,NA,NA
"274",74,8,0.25,0.2,0.4,18,9914,0.600411821705426,"H",NA,NA,NA,NA,NA,NA,NA,NA,NA,NA
"275",75,8,0.25,0.2,0.4,21,9952,0.602713178294574,"H",NA,NA,NA,NA,NA,NA,NA,NA,NA,NA
"276",76,8,0.25,0.2,0.4,23,9893,0.599140019379845,"H",NA,NA,NA,NA,NA,NA,NA,NA,NA,NA
"277",77,8,0.25,0.2,0.4,23,10059,0.609193313953488,"H",NA,NA,NA,NA,NA,NA,NA,NA,NA,NA
"278",78,8,0.25,0.2,0.4,20,9849,0.596475290697674,"H",NA,NA,NA,NA,NA,NA,NA,NA,NA,NA
"279",79,8,0.25,0.2,0.4,26,9816,0.594476744186046,"H",NA,NA,NA,NA,NA,NA,NA,NA,NA,NA
"280",80,8,0.25,0.2,0.4,21,9864,0.597383720930233,"H",NA,NA,NA,NA,NA,NA,NA,NA,NA,NA
"281",81,8,0.25,0.2,0.4,20,9959,0.603137112403101,"H",NA,NA,NA,NA,NA,NA,NA,NA,NA,NA
"282",82,8,0.25,0.2,0.4,18,9904,0.599806201550388,"H",NA,NA,NA,NA,NA,NA,NA,NA,NA,NA
"283",83,8,0.25,0.2,0.4,19,9855,0.596838662790698,"H",NA,NA,NA,NA,NA,NA,NA,NA,NA,NA
"284",84,8,0.25,0.2,0.4,22,9970,0.603803294573643,"H",NA,NA,NA,NA,NA,NA,NA,NA,NA,NA
"285",85,8,0.25,0.2,0.4,18,9921,0.600835755813954,"H",NA,NA,NA,NA,NA,NA,NA,NA,NA,NA
"286",86,8,0.25,0.2,0.4,19,9807,0.593931686046512,"H",NA,NA,NA,NA,NA,NA,NA,NA,NA,NA
"287",87,8,0.25,0.2,0.4,21,9915,0.60047238372093,"H",NA,NA,NA,NA,NA,NA,NA,NA,NA,NA
"288",88,8,0.25,0.2,0.4,20,9969,0.603742732558139,"H",NA,NA,NA,NA,NA,NA,NA,NA,NA,NA
"289",89,8,0.25,0.2,0.4,18,9938,0.601865310077519,"H",NA,NA,NA,NA,NA,NA,NA,NA,NA,NA
"290",90,8,0.25,0.2,0.4,23,9792,0.593023255813954,"H",NA,NA,NA,NA,NA,NA,NA,NA,NA,NA
"291",91,8,0.25,0.2,0.4,24,9865,0.597444282945736,"H",NA,NA,NA,NA,NA,NA,NA,NA,NA,NA
"292",92,8,0.25,0.2,0.4,23,9883,0.598534399224806,"H",NA,NA,NA,NA,NA,NA,NA,NA,NA,NA
"293",93,8,0.25,0.2,0.4,19,9937,0.601804748062015,"H",NA,NA,NA,NA,NA,NA,NA,NA,NA,NA
"294",94,8,0.25,0.2,0.4,19,9953,0.602773740310077,"H",NA,NA,NA,NA,NA,NA,NA,NA,NA,NA
"295",95,8,0.25,0.2,0.4,25,10042,0.608163759689923,"H",NA,NA,NA,NA,NA,NA,NA,NA,NA,NA
"296",96,8,0.25,0.2,0.4,18,9858,0.597020348837209,"H",NA,NA,NA,NA,NA,NA,NA,NA,NA,NA
"297",97,8,0.25,0.2,0.4,17,9817,0.59453730620155,"H",NA,NA,NA,NA,NA,NA,NA,NA,NA,NA
"298",98,8,0.25,0.2,0.4,21,9887,0.598776647286822,"H",NA,NA,NA,NA,NA,NA,NA,NA,NA,NA
"299",99,8,0.25,0.2,0.4,18,9921,0.600835755813954,"H",NA,NA,NA,NA,NA,NA,NA,NA,NA,NA
"300",100,8,0.25,0.2,0.4,18,9872,0.597868217054264,"H",NA,NA,NA,NA,NA,NA,NA,NA,NA,NA
"301",1,8,0.5,0.2,0.1,109,29736,0.900436046511628,"H",NA,NA,NA,NA,NA,NA,NA,NA,NA,NA
"302",2,8,0.5,0.2,0.1,94,29786,0.901950096899225,"H",NA,NA,NA,NA,NA,NA,NA,NA,NA,NA
"303",3,8,0.5,0.2,0.1,99,29753,0.900950823643411,"H",NA,NA,NA,NA,NA,NA,NA,NA,NA,NA
"304",4,8,0.5,0.2,0.1,89,29782,0.901828972868217,"H",NA,NA,NA,NA,NA,NA,NA,NA,NA,NA
"305",5,8,0.5,0.2,0.1,105,29705,0.899497335271318,"H",NA,NA,NA,NA,NA,NA,NA,NA,NA,NA
"306",6,8,0.5,0.2,0.1,109,29714,0.899769864341085,"H",NA,NA,NA,NA,NA,NA,NA,NA,NA,NA
"307",7,8,0.5,0.2,0.1,113,29846,0.903766957364341,"H",NA,NA,NA,NA,NA,NA,NA,NA,NA,NA
"308",8,8,0.5,0.2,0.1,107,29761,0.901193071705426,"H",NA,NA,NA,NA,NA,NA,NA,NA,NA,NA
"309",9,8,0.5,0.2,0.1,102,29713,0.899739583333333,"H",NA,NA,NA,NA,NA,NA,NA,NA,NA,NA
"310",10,8,0.5,0.2,0.1,114,29654,0.897953003875969,"H",NA,NA,NA,NA,NA,NA,NA,NA,NA,NA
"311",11,8,0.5,0.2,0.1,120,29771,0.901495881782946,"H",NA,NA,NA,NA,NA,NA,NA,NA,NA,NA
"312",12,8,0.5,0.2,0.1,110,29718,0.899890988372093,"H",NA,NA,NA,NA,NA,NA,NA,NA,NA,NA
"313",13,8,0.5,0.2,0.1,91,29741,0.900587451550388,"H",NA,NA,NA,NA,NA,NA,NA,NA,NA,NA
"314",14,8,0.5,0.2,0.1,96,29735,0.900405765503876,"H",NA,NA,NA,NA,NA,NA,NA,NA,NA,NA
"315",15,8,0.5,0.2,0.1,93,29737,0.90046632751938,"H",NA,NA,NA,NA,NA,NA,NA,NA,NA,NA
"316",16,8,0.5,0.2,0.1,96,29789,0.902040939922481,"H",NA,NA,NA,NA,NA,NA,NA,NA,NA,NA
"317",17,8,0.5,0.2,0.1,100,29779,0.901738129844961,"H",NA,NA,NA,NA,NA,NA,NA,NA,NA,NA
"318",18,8,0.5,0.2,0.1,101,29662,0.898195251937985,"H",NA,NA,NA,NA,NA,NA,NA,NA,NA,NA
"319",19,8,0.5,0.2,0.1,100,29655,0.897983284883721,"H",NA,NA,NA,NA,NA,NA,NA,NA,NA,NA
"320",20,8,0.5,0.2,0.1,90,29710,0.899648740310077,"H",NA,NA,NA,NA,NA,NA,NA,NA,NA,NA
"321",21,8,0.5,0.2,0.1,95,29762,0.901223352713178,"H",NA,NA,NA,NA,NA,NA,NA,NA,NA,NA
"322",22,8,0.5,0.2,0.1,104,29789,0.902040939922481,"H",NA,NA,NA,NA,NA,NA,NA,NA,NA,NA
"323",23,8,0.5,0.2,0.1,93,29779,0.901738129844961,"H",NA,NA,NA,NA,NA,NA,NA,NA,NA,NA
"324",24,8,0.5,0.2,0.1,117,29717,0.899860707364341,"H",NA,NA,NA,NA,NA,NA,NA,NA,NA,NA
"325",25,8,0.5,0.2,0.1,101,29784,0.901889534883721,"H",NA,NA,NA,NA,NA,NA,NA,NA,NA,NA
"326",26,8,0.5,0.2,0.1,101,29707,0.899557897286822,"H",NA,NA,NA,NA,NA,NA,NA,NA,NA,NA
"327",27,8,0.5,0.2,0.1,111,29749,0.900829699612403,"H",NA,NA,NA,NA,NA,NA,NA,NA,NA,NA
"328",28,8,0.5,0.2,0.1,89,29846,0.903766957364341,"H",NA,NA,NA,NA,NA,NA,NA,NA,NA,NA
"329",29,8,0.5,0.2,0.1,108,29809,0.902646560077519,"H",NA,NA,NA,NA,NA,NA,NA,NA,NA,NA
"330",30,8,0.5,0.2,0.1,129,29719,0.899921269379845,"H",NA,NA,NA,NA,NA,NA,NA,NA,NA,NA
"331",31,8,0.5,0.2,0.1,100,29801,0.902404312015504,"H",NA,NA,NA,NA,NA,NA,NA,NA,NA,NA
"332",32,8,0.5,0.2,0.1,104,29699,0.899315649224806,"H",NA,NA,NA,NA,NA,NA,NA,NA,NA,NA
"333",33,8,0.5,0.2,0.1,105,29657,0.898043846899225,"H",NA,NA,NA,NA,NA,NA,NA,NA,NA,NA
"334",34,8,0.5,0.2,0.1,100,29638,0.897468507751938,"H",NA,NA,NA,NA,NA,NA,NA,NA,NA,NA
"335",35,8,0.5,0.2,0.1,110,29728,0.900193798449612,"H",NA,NA,NA,NA,NA,NA,NA,NA,NA,NA
"336",36,8,0.5,0.2,0.1,103,29754,0.900981104651163,"H",NA,NA,NA,NA,NA,NA,NA,NA,NA,NA
"337",37,8,0.5,0.2,0.1,114,29676,0.898619186046512,"H",NA,NA,NA,NA,NA,NA,NA,NA,NA,NA
"338",38,8,0.5,0.2,0.1,109,29746,0.900738856589147,"H",NA,NA,NA,NA,NA,NA,NA,NA,NA,NA
"339",39,8,0.5,0.2,0.1,130,29602,0.896378391472868,"H",NA,NA,NA,NA,NA,NA,NA,NA,NA,NA
"340",40,8,0.5,0.2,0.1,91,29593,0.896105862403101,"H",NA,NA,NA,NA,NA,NA,NA,NA,NA,NA
"341",41,8,0.5,0.2,0.1,125,29739,0.900526889534884,"H",NA,NA,NA,NA,NA,NA,NA,NA,NA,NA
"342",42,8,0.5,0.2,0.1,90,29792,0.902131782945736,"H",NA,NA,NA,NA,NA,NA,NA,NA,NA,NA
"343",43,8,0.5,0.2,0.1,112,29777,0.901677567829457,"H",NA,NA,NA,NA,NA,NA,NA,NA,NA,NA
"344",44,8,0.5,0.2,0.1,121,29738,0.900496608527132,"H",NA,NA,NA,NA,NA,NA,NA,NA,NA,NA
"345",45,8,0.5,0.2,0.1,118,29792,0.902131782945736,"H",NA,NA,NA,NA,NA,NA,NA,NA,NA,NA
"346",46,8,0.5,0.2,0.1,95,29680,0.898740310077519,"H",NA,NA,NA,NA,NA,NA,NA,NA,NA,NA
"347",47,8,0.5,0.2,0.1,107,29749,0.900829699612403,"H",NA,NA,NA,NA,NA,NA,NA,NA,NA,NA
"348",48,8,0.5,0.2,0.1,95,29721,0.899981831395349,"H",NA,NA,NA,NA,NA,NA,NA,NA,NA,NA
"349",49,8,0.5,0.2,0.1,104,29703,0.899436773255814,"H",NA,NA,NA,NA,NA,NA,NA,NA,NA,NA
"350",50,8,0.5,0.2,0.1,101,29661,0.898164970930233,"H",NA,NA,NA,NA,NA,NA,NA,NA,NA,NA
"351",51,8,0.5,0.2,0.1,95,29745,0.900708575581395,"H",NA,NA,NA,NA,NA,NA,NA,NA,NA,NA
"352",52,8,0.5,0.2,0.1,103,29779,0.901738129844961,"H",NA,NA,NA,NA,NA,NA,NA,NA,NA,NA
"353",53,8,0.5,0.2,0.1,116,29743,0.900648013565892,"H",NA,NA,NA,NA,NA,NA,NA,NA,NA,NA
"354",54,8,0.5,0.2,0.1,94,29756,0.901041666666667,"H",NA,NA,NA,NA,NA,NA,NA,NA,NA,NA
"355",55,8,0.5,0.2,0.1,98,29800,0.902374031007752,"H",NA,NA,NA,NA,NA,NA,NA,NA,NA,NA
"356",56,8,0.5,0.2,0.1,115,29748,0.900799418604651,"H",NA,NA,NA,NA,NA,NA,NA,NA,NA,NA
"357",57,8,0.5,0.2,0.1,88,29671,0.898467781007752,"H",NA,NA,NA,NA,NA,NA,NA,NA,NA,NA
"358",58,8,0.5,0.2,0.1,105,29686,0.898921996124031,"H",NA,NA,NA,NA,NA,NA,NA,NA,NA,NA
"359",59,8,0.5,0.2,0.1,110,29692,0.899103682170543,"H",NA,NA,NA,NA,NA,NA,NA,NA,NA,NA
"360",60,8,0.5,0.2,0.1,96,29801,0.902404312015504,"H",NA,NA,NA,NA,NA,NA,NA,NA,NA,NA
"361",61,8,0.5,0.2,0.1,96,29619,0.896893168604651,"H",NA,NA,NA,NA,NA,NA,NA,NA,NA,NA
"362",62,8,0.5,0.2,0.1,124,29649,0.897801598837209,"H",NA,NA,NA,NA,NA,NA,NA,NA,NA,NA
"363",63,8,0.5,0.2,0.1,97,29662,0.898195251937985,"H",NA,NA,NA,NA,NA,NA,NA,NA,NA,NA
"364",64,8,0.5,0.2,0.1,108,29653,0.897922722868217,"H",NA,NA,NA,NA,NA,NA,NA,NA,NA,NA
"365",65,8,0.5,0.2,0.1,104,29774,0.901586724806202,"H",NA,NA,NA,NA,NA,NA,NA,NA,NA,NA
"366",66,8,0.5,0.2,0.1,95,29800,0.902374031007752,"H",NA,NA,NA,NA,NA,NA,NA,NA,NA,NA
"367",67,8,0.5,0.2,0.1,124,29633,0.897317102713178,"H",NA,NA,NA,NA,NA,NA,NA,NA,NA,NA
"368",68,8,0.5,0.2,0.1,88,29714,0.899769864341085,"H",NA,NA,NA,NA,NA,NA,NA,NA,NA,NA
"369",69,8,0.5,0.2,0.1,113,29693,0.899133963178295,"H",NA,NA,NA,NA,NA,NA,NA,NA,NA,NA
"370",70,8,0.5,0.2,0.1,118,29745,0.900708575581395,"H",NA,NA,NA,NA,NA,NA,NA,NA,NA,NA
"371",71,8,0.5,0.2,0.1,100,29708,0.899588178294574,"H",NA,NA,NA,NA,NA,NA,NA,NA,NA,NA
"372",72,8,0.5,0.2,0.1,97,29675,0.89858890503876,"H",NA,NA,NA,NA,NA,NA,NA,NA,NA,NA
"373",73,8,0.5,0.2,0.1,100,29731,0.900284641472868,"H",NA,NA,NA,NA,NA,NA,NA,NA,NA,NA
"374",74,8,0.5,0.2,0.1,104,29714,0.899769864341085,"H",NA,NA,NA,NA,NA,NA,NA,NA,NA,NA
"375",75,8,0.5,0.2,0.1,114,29742,0.900617732558139,"H",NA,NA,NA,NA,NA,NA,NA,NA,NA,NA
"376",76,8,0.5,0.2,0.1,124,29730,0.900254360465116,"H",NA,NA,NA,NA,NA,NA,NA,NA,NA,NA
"377",77,8,0.5,0.2,0.1,148,29610,0.896620639534884,"H",NA,NA,NA,NA,NA,NA,NA,NA,NA,NA
"378",78,8,0.5,0.2,0.1,91,29686,0.898921996124031,"H",NA,NA,NA,NA,NA,NA,NA,NA,NA,NA
"379",79,8,0.5,0.2,0.1,94,29900,0.905402131782946,"H",NA,NA,NA,NA,NA,NA,NA,NA,NA,NA
"380",80,8,0.5,0.2,0.1,92,29721,0.899981831395349,"H",NA,NA,NA,NA,NA,NA,NA,NA,NA,NA
"381",81,8,0.5,0.2,0.1,109,29771,0.901495881782946,"H",NA,NA,NA,NA,NA,NA,NA,NA,NA,NA
"382",82,8,0.5,0.2,0.1,117,29691,0.899073401162791,"H",NA,NA,NA,NA,NA,NA,NA,NA,NA,NA
"383",83,8,0.5,0.2,0.1,83,29787,0.901980377906977,"H",NA,NA,NA,NA,NA,NA,NA,NA,NA,NA
"384",84,8,0.5,0.2,0.1,104,29728,0.900193798449612,"H",NA,NA,NA,NA,NA,NA,NA,NA,NA,NA
"385",85,8,0.5,0.2,0.1,95,29809,0.902646560077519,"H",NA,NA,NA,NA,NA,NA,NA,NA,NA,NA
"386",86,8,0.5,0.2,0.1,113,29766,0.901344476744186,"H",NA,NA,NA,NA,NA,NA,NA,NA,NA,NA
"387",87,8,0.5,0.2,0.1,118,29653,0.897922722868217,"H",NA,NA,NA,NA,NA,NA,NA,NA,NA,NA
"388",88,8,0.5,0.2,0.1,110,29760,0.901162790697674,"H",NA,NA,NA,NA,NA,NA,NA,NA,NA,NA
"389",89,8,0.5,0.2,0.1,118,29739,0.900526889534884,"H",NA,NA,NA,NA,NA,NA,NA,NA,NA,NA
"390",90,8,0.5,0.2,0.1,98,29702,0.899406492248062,"H",NA,NA,NA,NA,NA,NA,NA,NA,NA,NA
"391",91,8,0.5,0.2,0.1,104,29725,0.900102955426357,"H",NA,NA,NA,NA,NA,NA,NA,NA,NA,NA
"392",92,8,0.5,0.2,0.1,118,29524,0.894016472868217,"H",NA,NA,NA,NA,NA,NA,NA,NA,NA,NA
"393",93,8,0.5,0.2,0.1,96,29717,0.899860707364341,"H",NA,NA,NA,NA,NA,NA,NA,NA,NA,NA
"394",94,8,0.5,0.2,0.1,88,29699,0.899315649224806,"H",NA,NA,NA,NA,NA,NA,NA,NA,NA,NA
"395",95,8,0.5,0.2,0.1,95,29718,0.899890988372093,"H",NA,NA,NA,NA,NA,NA,NA,NA,NA,NA
"396",96,8,0.5,0.2,0.1,119,29662,0.898195251937985,"H",NA,NA,NA,NA,NA,NA,NA,NA,NA,NA
"397",97,8,0.5,0.2,0.1,88,29717,0.899860707364341,"H",NA,NA,NA,NA,NA,NA,NA,NA,NA,NA
"398",98,8,0.5,0.2,0.1,87,29726,0.900133236434108,"H",NA,NA,NA,NA,NA,NA,NA,NA,NA,NA
"399",99,8,0.5,0.2,0.1,100,29713,0.899739583333333,"H",NA,NA,NA,NA,NA,NA,NA,NA,NA,NA
"400",100,8,0.5,0.2,0.1,131,29715,0.899800145348837,"H",NA,NA,NA,NA,NA,NA,NA,NA,NA,NA
"401",1,8,0.5,0.2,0.2,50,26517,0.802961482558139,"H",NA,NA,NA,NA,NA,NA,NA,NA,NA,NA
"402",2,8,0.5,0.2,0.2,54,26487,0.802053052325581,"H",NA,NA,NA,NA,NA,NA,NA,NA,NA,NA
"403",3,8,0.5,0.2,0.2,53,26399,0.799388323643411,"H",NA,NA,NA,NA,NA,NA,NA,NA,NA,NA
"404",4,8,0.5,0.2,0.2,44,26390,0.799115794573643,"H",NA,NA,NA,NA,NA,NA,NA,NA,NA,NA
"405",5,8,0.5,0.2,0.2,53,26483,0.801931928294574,"H",NA,NA,NA,NA,NA,NA,NA,NA,NA,NA
"406",6,8,0.5,0.2,0.2,40,26387,0.799024951550388,"H",NA,NA,NA,NA,NA,NA,NA,NA,NA,NA
"407",7,8,0.5,0.2,0.2,49,26506,0.802628391472868,"H",NA,NA,NA,NA,NA,NA,NA,NA,NA,NA
"408",8,8,0.5,0.2,0.2,48,26366,0.798389050387597,"H",NA,NA,NA,NA,NA,NA,NA,NA,NA,NA
"409",9,8,0.5,0.2,0.2,50,26387,0.799024951550388,"H",NA,NA,NA,NA,NA,NA,NA,NA,NA,NA
"410",10,8,0.5,0.2,0.2,51,26551,0.803991036821705,"H",NA,NA,NA,NA,NA,NA,NA,NA,NA,NA
"411",11,8,0.5,0.2,0.2,51,26574,0.8046875,"H",NA,NA,NA,NA,NA,NA,NA,NA,NA,NA
"412",12,8,0.5,0.2,0.2,46,26513,0.802840358527132,"H",NA,NA,NA,NA,NA,NA,NA,NA,NA,NA
"413",13,8,0.5,0.2,0.2,48,26474,0.801659399224806,"H",NA,NA,NA,NA,NA,NA,NA,NA,NA,NA
"414",14,8,0.5,0.2,0.2,49,26448,0.800872093023256,"H",NA,NA,NA,NA,NA,NA,NA,NA,NA,NA
"415",15,8,0.5,0.2,0.2,40,26441,0.800660125968992,"H",NA,NA,NA,NA,NA,NA,NA,NA,NA,NA
"416",16,8,0.5,0.2,0.2,45,26452,0.800993217054264,"H",NA,NA,NA,NA,NA,NA,NA,NA,NA,NA
"417",17,8,0.5,0.2,0.2,54,26553,0.804051598837209,"H",NA,NA,NA,NA,NA,NA,NA,NA,NA,NA
"418",18,8,0.5,0.2,0.2,47,26349,0.797874273255814,"H",NA,NA,NA,NA,NA,NA,NA,NA,NA,NA
"419",19,8,0.5,0.2,0.2,49,26459,0.801205184108527,"H",NA,NA,NA,NA,NA,NA,NA,NA,NA,NA
"420",20,8,0.5,0.2,0.2,44,26561,0.804293846899225,"H",NA,NA,NA,NA,NA,NA,NA,NA,NA,NA
"421",21,8,0.5,0.2,0.2,57,26480,0.801841085271318,"H",NA,NA,NA,NA,NA,NA,NA,NA,NA,NA
"422",22,8,0.5,0.2,0.2,61,26382,0.798873546511628,"H",NA,NA,NA,NA,NA,NA,NA,NA,NA,NA
"423",23,8,0.5,0.2,0.2,57,26321,0.79702640503876,"H",NA,NA,NA,NA,NA,NA,NA,NA,NA,NA
"424",24,8,0.5,0.2,0.2,55,26353,0.797995397286822,"H",NA,NA,NA,NA,NA,NA,NA,NA,NA,NA
"425",25,8,0.5,0.2,0.2,49,26360,0.798207364341085,"H",NA,NA,NA,NA,NA,NA,NA,NA,NA,NA
"426",26,8,0.5,0.2,0.2,50,26418,0.799963662790698,"H",NA,NA,NA,NA,NA,NA,NA,NA,NA,NA
"427",27,8,0.5,0.2,0.2,47,26412,0.799781976744186,"H",NA,NA,NA,NA,NA,NA,NA,NA,NA,NA
"428",28,8,0.5,0.2,0.2,51,26466,0.801417151162791,"H",NA,NA,NA,NA,NA,NA,NA,NA,NA,NA
"429",29,8,0.5,0.2,0.2,51,26457,0.801144622093023,"H",NA,NA,NA,NA,NA,NA,NA,NA,NA,NA
"430",30,8,0.5,0.2,0.2,43,26430,0.800327034883721,"H",NA,NA,NA,NA,NA,NA,NA,NA,NA,NA
"431",31,8,0.5,0.2,0.2,64,26468,0.801477713178295,"H",NA,NA,NA,NA,NA,NA,NA,NA,NA,NA
"432",32,8,0.5,0.2,0.2,50,26429,0.800296753875969,"H",NA,NA,NA,NA,NA,NA,NA,NA,NA,NA
"433",33,8,0.5,0.2,0.2,64,26462,0.801296027131783,"H",NA,NA,NA,NA,NA,NA,NA,NA,NA,NA
"434",34,8,0.5,0.2,0.2,46,26445,0.80078125,"H",NA,NA,NA,NA,NA,NA,NA,NA,NA,NA
"435",35,8,0.5,0.2,0.2,50,26390,0.799115794573643,"H",NA,NA,NA,NA,NA,NA,NA,NA,NA,NA
"436",36,8,0.5,0.2,0.2,41,26367,0.798419331395349,"H",NA,NA,NA,NA,NA,NA,NA,NA,NA,NA
"437",37,8,0.5,0.2,0.2,51,26390,0.799115794573643,"H",NA,NA,NA,NA,NA,NA,NA,NA,NA,NA
"438",38,8,0.5,0.2,0.2,43,26414,0.79984253875969,"H",NA,NA,NA,NA,NA,NA,NA,NA,NA,NA
"439",39,8,0.5,0.2,0.2,48,26447,0.800841812015504,"H",NA,NA,NA,NA,NA,NA,NA,NA,NA,NA
"440",40,8,0.5,0.2,0.2,49,26308,0.796632751937985,"H",NA,NA,NA,NA,NA,NA,NA,NA,NA,NA
"441",41,8,0.5,0.2,0.2,52,26407,0.799630571705426,"H",NA,NA,NA,NA,NA,NA,NA,NA,NA,NA
"442",42,8,0.5,0.2,0.2,44,26326,0.797177810077519,"H",NA,NA,NA,NA,NA,NA,NA,NA,NA,NA
"443",43,8,0.5,0.2,0.2,49,26373,0.798601017441861,"H",NA,NA,NA,NA,NA,NA,NA,NA,NA,NA
"444",44,8,0.5,0.2,0.2,48,26402,0.799479166666667,"H",NA,NA,NA,NA,NA,NA,NA,NA,NA,NA
"445",45,8,0.5,0.2,0.2,41,26388,0.799055232558139,"H",NA,NA,NA,NA,NA,NA,NA,NA,NA,NA
"446",46,8,0.5,0.2,0.2,55,26367,0.798419331395349,"H",NA,NA,NA,NA,NA,NA,NA,NA,NA,NA
"447",47,8,0.5,0.2,0.2,47,26417,0.799933381782946,"H",NA,NA,NA,NA,NA,NA,NA,NA,NA,NA
"448",48,8,0.5,0.2,0.2,48,26432,0.800387596899225,"H",NA,NA,NA,NA,NA,NA,NA,NA,NA,NA
"449",49,8,0.5,0.2,0.2,49,26404,0.79953972868217,"H",NA,NA,NA,NA,NA,NA,NA,NA,NA,NA
"450",50,8,0.5,0.2,0.2,43,26413,0.799812257751938,"H",NA,NA,NA,NA,NA,NA,NA,NA,NA,NA
"451",51,8,0.5,0.2,0.2,52,26503,0.802537548449612,"H",NA,NA,NA,NA,NA,NA,NA,NA,NA,NA
"452",52,8,0.5,0.2,0.2,49,26412,0.799781976744186,"H",NA,NA,NA,NA,NA,NA,NA,NA,NA,NA
"453",53,8,0.5,0.2,0.2,51,26429,0.800296753875969,"H",NA,NA,NA,NA,NA,NA,NA,NA,NA,NA
"454",54,8,0.5,0.2,0.2,56,26380,0.798812984496124,"H",NA,NA,NA,NA,NA,NA,NA,NA,NA,NA
"455",55,8,0.5,0.2,0.2,43,26325,0.797147529069767,"H",NA,NA,NA,NA,NA,NA,NA,NA,NA,NA
"456",56,8,0.5,0.2,0.2,44,26545,0.803809350775194,"H",NA,NA,NA,NA,NA,NA,NA,NA,NA,NA
"457",57,8,0.5,0.2,0.2,52,26470,0.801538275193798,"H",NA,NA,NA,NA,NA,NA,NA,NA,NA,NA
"458",58,8,0.5,0.2,0.2,55,26433,0.800417877906977,"H",NA,NA,NA,NA,NA,NA,NA,NA,NA,NA
"459",59,8,0.5,0.2,0.2,44,26261,0.795209544573643,"H",NA,NA,NA,NA,NA,NA,NA,NA,NA,NA
"460",60,8,0.5,0.2,0.2,45,26457,0.801144622093023,"H",NA,NA,NA,NA,NA,NA,NA,NA,NA,NA
"461",61,8,0.5,0.2,0.2,51,26434,0.800448158914729,"H",NA,NA,NA,NA,NA,NA,NA,NA,NA,NA
"462",62,8,0.5,0.2,0.2,46,26307,0.796602470930233,"H",NA,NA,NA,NA,NA,NA,NA,NA,NA,NA
"463",63,8,0.5,0.2,0.2,51,26505,0.802598110465116,"H",NA,NA,NA,NA,NA,NA,NA,NA,NA,NA
"464",64,8,0.5,0.2,0.2,48,26429,0.800296753875969,"H",NA,NA,NA,NA,NA,NA,NA,NA,NA,NA
"465",65,8,0.5,0.2,0.2,61,26431,0.800357315891473,"H",NA,NA,NA,NA,NA,NA,NA,NA,NA,NA
"466",66,8,0.5,0.2,0.2,45,26408,0.799660852713178,"H",NA,NA,NA,NA,NA,NA,NA,NA,NA,NA
"467",67,8,0.5,0.2,0.2,45,26354,0.798025678294574,"H",NA,NA,NA,NA,NA,NA,NA,NA,NA,NA
"468",68,8,0.5,0.2,0.2,48,26461,0.801265746124031,"H",NA,NA,NA,NA,NA,NA,NA,NA,NA,NA
"469",69,8,0.5,0.2,0.2,46,26420,0.800024224806202,"H",NA,NA,NA,NA,NA,NA,NA,NA,NA,NA
"470",70,8,0.5,0.2,0.2,49,26543,0.80374878875969,"H",NA,NA,NA,NA,NA,NA,NA,NA,NA,NA
"471",71,8,0.5,0.2,0.2,45,26319,0.796965843023256,"H",NA,NA,NA,NA,NA,NA,NA,NA,NA,NA
"472",72,8,0.5,0.2,0.2,46,26568,0.804505813953488,"H",NA,NA,NA,NA,NA,NA,NA,NA,NA,NA
"473",73,8,0.5,0.2,0.2,52,26502,0.802507267441861,"H",NA,NA,NA,NA,NA,NA,NA,NA,NA,NA
"474",74,8,0.5,0.2,0.2,53,26445,0.80078125,"H",NA,NA,NA,NA,NA,NA,NA,NA,NA,NA
"475",75,8,0.5,0.2,0.2,47,26338,0.797541182170543,"H",NA,NA,NA,NA,NA,NA,NA,NA,NA,NA
"476",76,8,0.5,0.2,0.2,49,26486,0.80202277131783,"H",NA,NA,NA,NA,NA,NA,NA,NA,NA,NA
"477",77,8,0.5,0.2,0.2,44,26411,0.799751695736434,"H",NA,NA,NA,NA,NA,NA,NA,NA,NA,NA
"478",78,8,0.5,0.2,0.2,48,26298,0.796329941860465,"H",NA,NA,NA,NA,NA,NA,NA,NA,NA,NA
"479",79,8,0.5,0.2,0.2,46,26446,0.800811531007752,"H",NA,NA,NA,NA,NA,NA,NA,NA,NA,NA
"480",80,8,0.5,0.2,0.2,51,26450,0.80093265503876,"H",NA,NA,NA,NA,NA,NA,NA,NA,NA,NA
"481",81,8,0.5,0.2,0.2,54,26418,0.799963662790698,"H",NA,NA,NA,NA,NA,NA,NA,NA,NA,NA
"482",82,8,0.5,0.2,0.2,47,26334,0.797420058139535,"H",NA,NA,NA,NA,NA,NA,NA,NA,NA,NA
"483",83,8,0.5,0.2,0.2,59,26468,0.801477713178295,"H",NA,NA,NA,NA,NA,NA,NA,NA,NA,NA
"484",84,8,0.5,0.2,0.2,51,26470,0.801538275193798,"H",NA,NA,NA,NA,NA,NA,NA,NA,NA,NA
"485",85,8,0.5,0.2,0.2,52,26429,0.800296753875969,"H",NA,NA,NA,NA,NA,NA,NA,NA,NA,NA
"486",86,8,0.5,0.2,0.2,73,26398,0.799358042635659,"H",NA,NA,NA,NA,NA,NA,NA,NA,NA,NA
"487",87,8,0.5,0.2,0.2,51,26372,0.798570736434108,"H",NA,NA,NA,NA,NA,NA,NA,NA,NA,NA
"488",88,8,0.5,0.2,0.2,46,26449,0.800902374031008,"H",NA,NA,NA,NA,NA,NA,NA,NA,NA,NA
"489",89,8,0.5,0.2,0.2,54,26469,0.801507994186046,"H",NA,NA,NA,NA,NA,NA,NA,NA,NA,NA
"490",90,8,0.5,0.2,0.2,50,26518,0.802991763565892,"H",NA,NA,NA,NA,NA,NA,NA,NA,NA,NA
"491",91,8,0.5,0.2,0.2,47,26426,0.800205910852713,"H",NA,NA,NA,NA,NA,NA,NA,NA,NA,NA
"492",92,8,0.5,0.2,0.2,60,26481,0.80187136627907,"H",NA,NA,NA,NA,NA,NA,NA,NA,NA,NA
"493",93,8,0.5,0.2,0.2,46,26311,0.79672359496124,"H",NA,NA,NA,NA,NA,NA,NA,NA,NA,NA
"494",94,8,0.5,0.2,0.2,47,26436,0.800508720930233,"H",NA,NA,NA,NA,NA,NA,NA,NA,NA,NA
"495",95,8,0.5,0.2,0.2,48,26413,0.799812257751938,"H",NA,NA,NA,NA,NA,NA,NA,NA,NA,NA
"496",96,8,0.5,0.2,0.2,50,26460,0.801235465116279,"H",NA,NA,NA,NA,NA,NA,NA,NA,NA,NA
"497",97,8,0.5,0.2,0.2,44,26422,0.800084786821705,"H",NA,NA,NA,NA,NA,NA,NA,NA,NA,NA
"498",98,8,0.5,0.2,0.2,46,26512,0.80281007751938,"H",NA,NA,NA,NA,NA,NA,NA,NA,NA,NA
"499",99,8,0.5,0.2,0.2,45,26505,0.802598110465116,"H",NA,NA,NA,NA,NA,NA,NA,NA,NA,NA
"500",100,8,0.5,0.2,0.2,59,26546,0.803839631782946,"H",NA,NA,NA,NA,NA,NA,NA,NA,NA,NA
"501",1,8,0.5,0.2,0.4,18,19843,0.600866036821705,"H",NA,NA,NA,NA,NA,NA,NA,NA,NA,NA
"502",2,8,0.5,0.2,0.4,23,19782,0.599018895348837,"H",NA,NA,NA,NA,NA,NA,NA,NA,NA,NA
"503",3,8,0.5,0.2,0.4,20,19735,0.597595687984496,"H",NA,NA,NA,NA,NA,NA,NA,NA,NA,NA
"504",4,8,0.5,0.2,0.4,23,20218,0.612221414728682,"H",NA,NA,NA,NA,NA,NA,NA,NA,NA,NA
"505",5,8,0.5,0.2,0.4,19,19768,0.59859496124031,"H",NA,NA,NA,NA,NA,NA,NA,NA,NA,NA
"506",6,8,0.5,0.2,0.4,19,19830,0.60047238372093,"H",NA,NA,NA,NA,NA,NA,NA,NA,NA,NA
"507",7,8,0.5,0.2,0.4,18,19644,0.59484011627907,"H",NA,NA,NA,NA,NA,NA,NA,NA,NA,NA
"508",8,8,0.5,0.2,0.4,21,19687,0.596142199612403,"H",NA,NA,NA,NA,NA,NA,NA,NA,NA,NA
"509",9,8,0.5,0.2,0.4,21,19688,0.596172480620155,"H",NA,NA,NA,NA,NA,NA,NA,NA,NA,NA
"510",10,8,0.5,0.2,0.4,18,19799,0.59953367248062,"H",NA,NA,NA,NA,NA,NA,NA,NA,NA,NA
"511",11,8,0.5,0.2,0.4,27,19883,0.602077277131783,"H",NA,NA,NA,NA,NA,NA,NA,NA,NA,NA
"512",12,8,0.5,0.2,0.4,20,19816,0.600048449612403,"H",NA,NA,NA,NA,NA,NA,NA,NA,NA,NA
"513",13,8,0.5,0.2,0.4,22,19756,0.598231589147287,"H",NA,NA,NA,NA,NA,NA,NA,NA,NA,NA
"514",14,8,0.5,0.2,0.4,19,19841,0.600805474806202,"H",NA,NA,NA,NA,NA,NA,NA,NA,NA,NA
"515",15,8,0.5,0.2,0.4,21,19820,0.600169573643411,"H",NA,NA,NA,NA,NA,NA,NA,NA,NA,NA
"516",16,8,0.5,0.2,0.4,24,19736,0.597625968992248,"H",NA,NA,NA,NA,NA,NA,NA,NA,NA,NA
"517",17,8,0.5,0.2,0.4,20,19731,0.597474563953488,"H",NA,NA,NA,NA,NA,NA,NA,NA,NA,NA
"518",18,8,0.5,0.2,0.4,20,19832,0.600532945736434,"H",NA,NA,NA,NA,NA,NA,NA,NA,NA,NA
"519",19,8,0.5,0.2,0.4,20,19809,0.599836482558139,"H",NA,NA,NA,NA,NA,NA,NA,NA,NA,NA
"520",20,8,0.5,0.2,0.4,25,19883,0.602077277131783,"H",NA,NA,NA,NA,NA,NA,NA,NA,NA,NA
"521",21,8,0.5,0.2,0.4,23,19770,0.598655523255814,"H",NA,NA,NA,NA,NA,NA,NA,NA,NA,NA
"522",22,8,0.5,0.2,0.4,19,19963,0.604499757751938,"H",NA,NA,NA,NA,NA,NA,NA,NA,NA,NA
"523",23,8,0.5,0.2,0.4,22,19768,0.59859496124031,"H",NA,NA,NA,NA,NA,NA,NA,NA,NA,NA
"524",24,8,0.5,0.2,0.4,23,19815,0.600018168604651,"H",NA,NA,NA,NA,NA,NA,NA,NA,NA,NA
"525",25,8,0.5,0.2,0.4,22,19788,0.599200581395349,"H",NA,NA,NA,NA,NA,NA,NA,NA,NA,NA
"526",26,8,0.5,0.2,0.4,26,19747,0.597959060077519,"H",NA,NA,NA,NA,NA,NA,NA,NA,NA,NA
"527",27,8,0.5,0.2,0.4,21,19881,0.602016715116279,"H",NA,NA,NA,NA,NA,NA,NA,NA,NA,NA
"528",28,8,0.5,0.2,0.4,22,19907,0.60280402131783,"H",NA,NA,NA,NA,NA,NA,NA,NA,NA,NA
"529",29,8,0.5,0.2,0.4,20,19924,0.603318798449612,"H",NA,NA,NA,NA,NA,NA,NA,NA,NA,NA
"530",30,8,0.5,0.2,0.4,19,19917,0.603106831395349,"H",NA,NA,NA,NA,NA,NA,NA,NA,NA,NA
"531",31,8,0.5,0.2,0.4,23,19746,0.597928779069767,"H",NA,NA,NA,NA,NA,NA,NA,NA,NA,NA
"532",32,8,0.5,0.2,0.4,24,19754,0.598171027131783,"H",NA,NA,NA,NA,NA,NA,NA,NA,NA,NA
"533",33,8,0.5,0.2,0.4,22,19948,0.604045542635659,"H",NA,NA,NA,NA,NA,NA,NA,NA,NA,NA
"534",34,8,0.5,0.2,0.4,27,19818,0.600109011627907,"H",NA,NA,NA,NA,NA,NA,NA,NA,NA,NA
"535",35,8,0.5,0.2,0.4,23,19872,0.601744186046512,"H",NA,NA,NA,NA,NA,NA,NA,NA,NA,NA
"536",36,8,0.5,0.2,0.4,21,19891,0.602319525193798,"H",NA,NA,NA,NA,NA,NA,NA,NA,NA,NA
"537",37,8,0.5,0.2,0.4,22,19816,0.600048449612403,"H",NA,NA,NA,NA,NA,NA,NA,NA,NA,NA
"538",38,8,0.5,0.2,0.4,23,19841,0.600805474806202,"H",NA,NA,NA,NA,NA,NA,NA,NA,NA,NA
"539",39,8,0.5,0.2,0.4,23,19798,0.599503391472868,"H",NA,NA,NA,NA,NA,NA,NA,NA,NA,NA
"540",40,8,0.5,0.2,0.4,27,19988,0.605256782945736,"H",NA,NA,NA,NA,NA,NA,NA,NA,NA,NA
"541",41,8,0.5,0.2,0.4,25,19767,0.598564680232558,"H",NA,NA,NA,NA,NA,NA,NA,NA,NA,NA
"542",42,8,0.5,0.2,0.4,21,19808,0.599806201550388,"H",NA,NA,NA,NA,NA,NA,NA,NA,NA,NA
"543",43,8,0.5,0.2,0.4,25,19730,0.597444282945736,"H",NA,NA,NA,NA,NA,NA,NA,NA,NA,NA
"544",44,8,0.5,0.2,0.4,21,19763,0.59844355620155,"H",NA,NA,NA,NA,NA,NA,NA,NA,NA,NA
"545",45,8,0.5,0.2,0.4,18,19913,0.602985707364341,"H",NA,NA,NA,NA,NA,NA,NA,NA,NA,NA
"546",46,8,0.5,0.2,0.4,22,19850,0.601078003875969,"H",NA,NA,NA,NA,NA,NA,NA,NA,NA,NA
"547",47,8,0.5,0.2,0.4,24,19810,0.599866763565892,"H",NA,NA,NA,NA,NA,NA,NA,NA,NA,NA
"548",48,8,0.5,0.2,0.4,21,19827,0.600381540697674,"H",NA,NA,NA,NA,NA,NA,NA,NA,NA,NA
"549",49,8,0.5,0.2,0.4,20,19722,0.597202034883721,"H",NA,NA,NA,NA,NA,NA,NA,NA,NA,NA
"550",50,8,0.5,0.2,0.4,24,19936,0.603682170542636,"H",NA,NA,NA,NA,NA,NA,NA,NA,NA,NA
"551",51,8,0.5,0.2,0.4,17,19966,0.604590600775194,"H",NA,NA,NA,NA,NA,NA,NA,NA,NA,NA
"552",52,8,0.5,0.2,0.4,24,19743,0.597837936046512,"H",NA,NA,NA,NA,NA,NA,NA,NA,NA,NA
"553",53,8,0.5,0.2,0.4,25,19893,0.602380087209302,"H",NA,NA,NA,NA,NA,NA,NA,NA,NA,NA
"554",54,8,0.5,0.2,0.4,21,19748,0.597989341085271,"H",NA,NA,NA,NA,NA,NA,NA,NA,NA,NA
"555",55,8,0.5,0.2,0.4,20,19767,0.598564680232558,"H",NA,NA,NA,NA,NA,NA,NA,NA,NA,NA
"556",56,8,0.5,0.2,0.4,26,19819,0.600139292635659,"H",NA,NA,NA,NA,NA,NA,NA,NA,NA,NA
"557",57,8,0.5,0.2,0.4,24,19732,0.59750484496124,"H",NA,NA,NA,NA,NA,NA,NA,NA,NA,NA
"558",58,8,0.5,0.2,0.4,20,19849,0.601047722868217,"H",NA,NA,NA,NA,NA,NA,NA,NA,NA,NA
"559",59,8,0.5,0.2,0.4,21,19711,0.59686894379845,"H",NA,NA,NA,NA,NA,NA,NA,NA,NA,NA
"560",60,8,0.5,0.2,0.4,19,19896,0.602470930232558,"H",NA,NA,NA,NA,NA,NA,NA,NA,NA,NA
"561",61,8,0.5,0.2,0.4,22,19685,0.596081637596899,"H",NA,NA,NA,NA,NA,NA,NA,NA,NA,NA
"562",62,8,0.5,0.2,0.4,18,19808,0.599806201550388,"H",NA,NA,NA,NA,NA,NA,NA,NA,NA,NA
"563",63,8,0.5,0.2,0.4,27,19829,0.600442102713178,"H",NA,NA,NA,NA,NA,NA,NA,NA,NA,NA
"564",64,8,0.5,0.2,0.4,28,19762,0.598413275193798,"H",NA,NA,NA,NA,NA,NA,NA,NA,NA,NA
"565",65,8,0.5,0.2,0.4,20,19997,0.605529312015504,"H",NA,NA,NA,NA,NA,NA,NA,NA,NA,NA
"566",66,8,0.5,0.2,0.4,20,19690,0.596233042635659,"H",NA,NA,NA,NA,NA,NA,NA,NA,NA,NA
"567",67,8,0.5,0.2,0.4,18,19893,0.602380087209302,"H",NA,NA,NA,NA,NA,NA,NA,NA,NA,NA
"568",68,8,0.5,0.2,0.4,26,19999,0.605589874031008,"H",NA,NA,NA,NA,NA,NA,NA,NA,NA,NA
"569",69,8,0.5,0.2,0.4,23,19670,0.59562742248062,"H",NA,NA,NA,NA,NA,NA,NA,NA,NA,NA
"570",70,8,0.5,0.2,0.4,18,19682,0.595990794573643,"H",NA,NA,NA,NA,NA,NA,NA,NA,NA,NA
"571",71,8,0.5,0.2,0.4,26,19935,0.603651889534884,"H",NA,NA,NA,NA,NA,NA,NA,NA,NA,NA
"572",72,8,0.5,0.2,0.4,22,19810,0.599866763565892,"H",NA,NA,NA,NA,NA,NA,NA,NA,NA,NA
"573",73,8,0.5,0.2,0.4,25,19857,0.601289970930233,"H",NA,NA,NA,NA,NA,NA,NA,NA,NA,NA
"574",74,8,0.5,0.2,0.4,23,19731,0.597474563953488,"H",NA,NA,NA,NA,NA,NA,NA,NA,NA,NA
"575",75,8,0.5,0.2,0.4,20,19620,0.594113372093023,"H",NA,NA,NA,NA,NA,NA,NA,NA,NA,NA
"576",76,8,0.5,0.2,0.4,24,19836,0.600654069767442,"H",NA,NA,NA,NA,NA,NA,NA,NA,NA,NA
"577",77,8,0.5,0.2,0.4,23,19699,0.596505571705426,"H",NA,NA,NA,NA,NA,NA,NA,NA,NA,NA
"578",78,8,0.5,0.2,0.4,22,19669,0.595597141472868,"H",NA,NA,NA,NA,NA,NA,NA,NA,NA,NA
"579",79,8,0.5,0.2,0.4,20,19874,0.601804748062015,"H",NA,NA,NA,NA,NA,NA,NA,NA,NA,NA
"580",80,8,0.5,0.2,0.4,21,19883,0.602077277131783,"H",NA,NA,NA,NA,NA,NA,NA,NA,NA,NA
"581",81,8,0.5,0.2,0.4,21,19858,0.601320251937985,"H",NA,NA,NA,NA,NA,NA,NA,NA,NA,NA
"582",82,8,0.5,0.2,0.4,24,19819,0.600139292635659,"H",NA,NA,NA,NA,NA,NA,NA,NA,NA,NA
"583",83,8,0.5,0.2,0.4,20,19877,0.601895591085271,"H",NA,NA,NA,NA,NA,NA,NA,NA,NA,NA
"584",84,8,0.5,0.2,0.4,25,19952,0.604166666666667,"H",NA,NA,NA,NA,NA,NA,NA,NA,NA,NA
"585",85,8,0.5,0.2,0.4,21,19894,0.602410368217054,"H",NA,NA,NA,NA,NA,NA,NA,NA,NA,NA
"586",86,8,0.5,0.2,0.4,23,19740,0.597747093023256,"H",NA,NA,NA,NA,NA,NA,NA,NA,NA,NA
"587",87,8,0.5,0.2,0.4,21,19902,0.60265261627907,"H",NA,NA,NA,NA,NA,NA,NA,NA,NA,NA
"588",88,8,0.5,0.2,0.4,22,19776,0.598837209302326,"H",NA,NA,NA,NA,NA,NA,NA,NA,NA,NA
"589",89,8,0.5,0.2,0.4,24,19844,0.600896317829457,"H",NA,NA,NA,NA,NA,NA,NA,NA,NA,NA
"590",90,8,0.5,0.2,0.4,22,19711,0.59686894379845,"H",NA,NA,NA,NA,NA,NA,NA,NA,NA,NA
"591",91,8,0.5,0.2,0.4,22,19697,0.596445009689923,"H",NA,NA,NA,NA,NA,NA,NA,NA,NA,NA
"592",92,8,0.5,0.2,0.4,20,19818,0.600109011627907,"H",NA,NA,NA,NA,NA,NA,NA,NA,NA,NA
"593",93,8,0.5,0.2,0.4,28,19846,0.600956879844961,"H",NA,NA,NA,NA,NA,NA,NA,NA,NA,NA
"594",94,8,0.5,0.2,0.4,19,20056,0.607315891472868,"H",NA,NA,NA,NA,NA,NA,NA,NA,NA,NA
"595",95,8,0.5,0.2,0.4,22,19782,0.599018895348837,"H",NA,NA,NA,NA,NA,NA,NA,NA,NA,NA
"596",96,8,0.5,0.2,0.4,22,19854,0.601199127906977,"H",NA,NA,NA,NA,NA,NA,NA,NA,NA,NA
"597",97,8,0.5,0.2,0.4,20,19836,0.600654069767442,"H",NA,NA,NA,NA,NA,NA,NA,NA,NA,NA
"598",98,8,0.5,0.2,0.4,26,19855,0.601229408914729,"H",NA,NA,NA,NA,NA,NA,NA,NA,NA,NA
"599",99,8,0.5,0.2,0.4,25,19777,0.598867490310077,"H",NA,NA,NA,NA,NA,NA,NA,NA,NA,NA
"600",100,8,0.5,0.2,0.4,21,19827,0.600381540697674,"H",NA,NA,NA,NA,NA,NA,NA,NA,NA,NA
